Company Name,Email,Phone,Website,Postcode,City,Trust Score,Reviews,Category,Source
Debitam,info@debitam.com,02039605080,https://debitam.com,EC2N 4AH,London,4.8,6082,Tax Preparation Software,Trustpilot
Workwell Accountancy,hello@workwellsolutions.com,01923257257,https://workwellaccountancy.com,WD17 1HP,Watford,4.6,3312,Accounting Firm,Trustpilot
Unbiased,contact@unbiased.co.uk,08000236868,https://www.unbiased.co.uk,EC1N 8FH,London,4.5,12217,Financial Consultant,Trustpilot
EuroWin Solutions,contact@eurowinsolutions.com,02030869209,https://eurowinsolutions.com,E3 3YD,LONDON,5,617,Accountant,Trustpilot
Sleek.com,,03333444213,https://sleek.com,W1B 3HH,London,3.9,3672,Accounting Firm,Trustpilot
OSOME,sales_uk@osome.com,02033181326,https://osome.co.uk,EC3M 1JP,London,3.5,657,Accounting Software Company,Trustpilot
DNS Accountants,enquiry@dnsaccountants.co.uk,03300886686,https://www.dnsassociates.co.uk,HA3 8DP,Harrow,4.6,425,Tax Advisor,Trustpilot
UK Property Accountants,contact@ukpa.co.uk,02071297588,https://www.ukpropertyaccountants.co.uk,EC2M 7AQ,London,4.8,405,Chartered Accountant,Trustpilot
Shepper,hello@shepper.com,,https://www.shepper.com,EC2M 4PL,London,4.7,580,Auditor,Trustpilot
Ember,support@ember.co,,https://ember.co,EC1N 2SW,London,4.7,290,Tax Preparation Service,Trustpilot
TAXACE LTD,info@taxace.co.uk,03001240432,https://taxace.co.uk,E15 1XH,London,4.9,271,Tax Preparation,Trustpilot
Accnet Solutions,support@accnetsolutions.com,02070973767,https://www.accnetsolutions.com,W10 5JJ,London,4.9,199,Accountant,Trustpilot
CIGMA ACCOUNTING LTD – Farringdon,info@cigmaaccounting.co.uk,02045518463,https://cigmaaccounting.co.uk,EC1R 3DA,London,4.7,189,Tax Consultant,Trustpilot
Churchill Knight,marketing@churchill-knight.co.uk,01707871610,https://www.churchill-knight.co.uk,EN6 5BL,Potters Bar,4.1,429,Accounting Firm,Trustpilot